eps,x_min,iterations,calls
0.1,-0.1578947368421053,25,46
0.01,-0.1578947368421053,25,46
0.001,-0.1578947368421053,25,46
0.0001,-0.1578947368421053,25,46
1e-05,-0.1578947368421053,25,46
1e-06,-0.1578947368421053,25,46
1e-07,-0.1578947368421053,25,46
1e-08,-0.1578947368421053,25,46
