eps,x_min,iterations,calls
0.1,1.3157894736842102,25,46
0.01,1.3157894736842102,25,46
0.001,1.3157894736842102,25,46
0.0001,1.3157894736842102,25,46
1e-05,1.3157894736842102,25,46
1e-06,1.3157894736842102,25,46
1e-07,1.3157894736842102,25,46
1e-08,1.3157894736842102,25,46
